{"flutter":{"platforms":{"ios":{"default":{"projectId":"implewise","appId":"1:1091728123147:ios:04acef110abdadb0906e0e","uploadDebugSymbols":false,"fileOutput":"ios/Runner/GoogleService-Info.plist"}},"dart":{"lib/firebase_options.dart":{"projectId":"implewise","configurations":{"android":"1:1091728123147:android:f0ede33937a899cc906e0e","ios":"1:1091728123147:ios:04acef110abdadb0906e0e","macos":"1:1091728123147:ios:04acef110abdadb0906e0e","web":"1:1091728123147:web:44409b4b476ccec8906e0e","windows":"1:1091728123147:web:80e928751a0089d0906e0e"}}},"android":{"default":{"projectId":"implewise","appId":"1:1091728123147:android:f0ede33937a899cc906e0e","fileOutput":"android/app/google-services.json"}},"macos":{"default":{"projectId":"implewise","appId":"1:1091728123147:ios:04acef110abdadb0906e0e","uploadDebugSymbols":false,"fileOutput":"macos/Runner/GoogleService-Info.plist"}}}}}