{
  "project_info": {
    "project_number": "1091728123147",
    "project_id": "implewise",
    "storage_bucket": "implewise.appspot.com"
  },
  "client": [
    {
      "client_info": {
        "mobilesdk_app_id": "1:1091728123147:android:f0ede33937a899cc906e0e",
        "android_client_info": {
          "package_name": "com.implewise.aitoolkit"
        }
      },
      "oauth_client": [
        {
          "client_id": "1091728123147-lamt1slp0sdfp5dn8hdjv1nd6cmnjvfc.apps.googleusercontent.com",
          "client_type": 1,
          "android_info": {
            "package_name": "com.implewise.aitoolkit",
            "certificate_hash": "91d5f79b5996438a9df78068fe6c525353241a8c"
          }
        },
        {
          "client_id": "1091728123147-gghah9dq1hrtgt8tt1resoe19eggq1jf.apps.googleusercontent.com",
          "client_type": 3
        }
      ],
      "api_key": [
        {
          "current_key": "AIzaSyDtCNSvhxvrHYeBCxGouWwmlaxHPrtsYiU"
        }
      ],
      "services": {
        "appinvite_service": {
          "other_platform_oauth_client": [
            {
              "client_id": "1091728123147-lamt1slp0sdfp5dn8hdjv1nd6cmnjvfc.apps.googleusercontent.com",
              "client_type": 1
            },
            {
              "client_id": "1091728123147-gghah9dq1hrtgt8tt1resoe19eggq1jf.apps.googleusercontent.com",
              "client_type": 3
            },
            {
              "client_id": "1091728123147-3gsbc7fq1a2n5valbiiaaga8p3p50jau.apps.googleusercontent.com",
              "client_type": 2,
              "ios_info": {
                "bundle_id": "com.implewise.aitoolkit",
                "app_store_id": "6499596184"
              }
            }
          ]
        }
      }
    }
  ],
  "configuration_version": "1"
}